Harrisville,Alcona
"Hubbard Lake, Alcona ",Alcona
Lost Lake Woods,Alcona
Spruce,Alcona
Munising,Alger
Allegan,Allegan
Douglas,Allegan
Fennville,Allegan
Hopkins,Allegan
Lee Township,Allegan
Otsego,Allegan
Plainwell,Allegan
Pullman,Allegan
Saugatuck,Allegan
Wayland,Allegan
Alpena,Alpena
Ossineke,Alpena
Alden,Antrim
Bellaire,Antrim
Central Lake,Antrim
Elk Rapids,Antrim
Ellsworth,Antrim
Mancelona,Antrim
Au Gres,Arenac
Omer,Arenac
Standish,Arenac
Turner,Arenac
Twining,Arenac
Baraga,Baraga
L'Anse,Baraga
Freeport,Barry
Hastings,Barry
Middleville,Barry
Nashville,Barry
Auburn,Bay
Bay City,Bay
Essexville,Bay
Pinconning,Bay
University Center,Bay
Benzonia,Benzie
Beulah,Benzie
Elberta,Benzie
Frankfort,Benzie
Honor,Benzie
Thompsonville,Benzie
Baroda,Berrien
Benton Harbor,Berrien
Benton Heights,Berrien
Berrien Springs,Berrien
Bridgman,Berrien
Buchanan,Berrien
Coloma,Berrien
Eau Claire,Berrien
Fair Plain,Berrien
Galien,Berrien
Grand Beach,Berrien
Lake Michigan Beach,Berrien
Michiana,Berrien
New Buffalo,Berrien
Niles,Berrien
Paw Paw,Berrien
Shoreham,Berrien
Shorewood–Tower Hills–Harbert,Berrien
St. Joseph,Berrien
Stevensville,Berrien
Three Oaks,Berrien
Watervliet,Berrien
Bronson,Branch
Coldwater,Branch
Quincy,Branch
Sherwood,Branch
Union City,Branch
Albion,Calhoun
Athens,Calhoun
Battle Creek,Calhoun
Brownlee Park,Calhoun
Burlington,Calhoun
Homer,Calhoun
Marshall,Calhoun
Springfield,Calhoun
Tekonsha,Calhoun
Cassopolis,Cass
Dowagiac,Cass
Edwardsburg,Cass
Marcellus,Cass
Boyne City,Charlevoix
Boyne Falls,Charlevoix
Charlevoix,Charlevoix
East Jordan,Charlevoix
Hudson,Charlevoix
Cheboygan,Cheboygan
Indian River,Cheboygan
Mackinaw City,Cheboygan
DeTour Village,Chippewa
Paradise,Chippewa
Sault Ste. Marie,Chippewa
Clare,Clare
Farwell,Clare
Harrison,Clare
Harrison,Clare
DeWitt,Clinton
East Lansing,Clinton
Elsie,Clinton
Fowler,Clinton
Hubbardston,Clinton
Maple Rapids,Clinton
Ovid,Clinton
St. Johns,Clinton
Westphalia,Clinton
City,County
Grayling,Crawford
Escanaba,Delta
Gladstone,Delta
Iron Mountain,Dickinson
Kingsford,Dickinson
Norway,Dickinson
Quinnesec,Dickinson
Bellevue,Eaton
Charlotte,Eaton
Dimondale,Eaton
Eaton Rapids,Eaton
Grand Ledge,Eaton
Mulliken,Eaton
Olivet,Eaton
Potterville,Eaton
Sunfield,Eaton
Vermontville,Eaton
Waverly,Eaton
Alanson,Emmet
Harbor Springs,Emmet
Pellston,Emmet
Petoskey,Emmet
Argentine Township,Genesee
Beecher,Genesee
Burton,Genesee
Clio,Genesee
Davison,Genesee
Fenton,Genesee
Flint,Genesee
Flushing,Genesee
Gaines,Genesee
Goodrich,Genesee
Grand Blanc,Genesee
Lake Fenton,Genesee
Linden,Genesee
Montrose,Genesee
Mount Morris,Genesee
Otisville,Genesee
Swartz Creek,Genesee
Beaverton,Gladwin
Gladwin,Gladwin
Kingsway Village,Gloucestershire
Bessemer,Gogebic
Ironwood,Gogebic
Wakefield,Gogebic
Fife Lake,Grand Traverse
Traverse City,Grand Traverse
Alma,Gratiot
Breckenridge,Gratiot
Ithaca,Gratiot
Middleton,Gratiot
Perrinton,Gratiot
St. Louis,Gratiot
Camden,Hillsdale
Hillsdale,Hillsdale
Jerome,Hillsdale
Jonesville,Hillsdale
Litchfield,Hillsdale
Montgomery,Hillsdale
North Adams,Hillsdale
Osseo,Hillsdale
Reading,Hillsdale
Somerset,Hillsdale
Waldron,Hillsdale
Calumet,Houghton
Copper City,Houghton
Hancock,Houghton
Hubbell,Houghton
Lake Linden,Houghton
Laurium,Houghton
Bad Axe,Huron
Caseville,Huron
Elkton,Huron
Harbor Beach,Huron
Kinde,Huron
Owendale,Huron
Pigeon,Huron
Port Austin,Huron
Port Hope,Huron
Sebewaing,Huron
Ubly,Huron
Dansville,Ingham
Edgemont Park,Ingham
Haslett,Ingham
Holt,Ingham
Lansing,Ingham
Leslie,Ingham
Mason,Ingham
Okemos,Ingham
Stockbridge,Ingham
Webberville,Ingham
Williamston,Ingham
Belding,Ionia
Clarksville,Ionia
Ionia,Ionia
Lake Odessa,Ionia
Lyons,Ionia
Muir,Ionia
Pewamo,Ionia
Portland,Ionia
Saranac,Ionia
Au Sable,Iosco
East Tawas,Iosco
Oscoda,Iosco
Tawas City,Iosco
Whittemore,Iosco
Alpha,Iron
Caspian,Iron
Crystal Falls,Iron
Gaastra,Iron
Iron River,Iron
Mineral Hills,Iron
Stambaugh,Iron
Beal City,Isabella
Lake Isabella,Isabella
Mount Pleasant,Isabella
Rosebush,Isabella
Shepherd,Isabella
Weidman,Isabella
Brooklyn,Jackson
Cement City,Jackson
Concord,Jackson
Grass Lake,Jackson
Hanover,Jackson
Jackson,Jackson
Michigan Center,Jackson
Napoleon,Jackson
Parma,Jackson
Spring Arbor,Jackson
Springport,Jackson
Vandercook Lake,Jackson
Augusta,Kalamazoo
Climax,Kalamazoo
Comstock Northwest,Kalamazoo
Eastwood,Kalamazoo
Galesburg,Kalamazoo
Greater Galesburg,Kalamazoo
Kalamazoo,Kalamazoo
Parchment,Kalamazoo
Portage,Kalamazoo
Richland,Kalamazoo
Schoolcraft,Kalamazoo
South Gull Lake,Kalamazoo
Vicksburg,Kalamazoo
Westwood,Kalamazoo
Kalkaska,Kalkaska
Byron Center,Kent
Byron Township,Kent
Caledonia,Kent
Cedar Springs,Kent
Comstock Park,Kent
Cutlerville,Kent
East Grand Rapids,Kent
Forest Hills,Kent
Gowen,Kent
Grand Rapids,Kent
Grandville,Kent
Kent,Kent
Kentwood,Kent
Lowell,Kent
Northview,Kent
Rockford,Kent
Sand Lake,Kent
Sparta,Kent
Walker,Kent
Wyoming,Kent
Ahmeek,Keweenaw
Baldwin,Lake
Luther,Lake
Almont,Lapeer
Barnes Lake-Millers Lake,Lapeer
Brown City,Lapeer
Clifford,Lapeer
Columbiaville,Lapeer
Dryden,Lapeer
Imlay City,Lapeer
Lapeer,Lapeer
Metamora,Lapeer
North Branch,Lapeer
Otter Lake,Lapeer
Empire,Leelanau
Greilickville,Leelanau
Suttons Bay,Leelanau
Addison,Lenawee
Adrian,Lenawee
Blissfield,Lenawee
Clinton,Lenawee
Deerfield,Lenawee
Manitou Beach–Devils Lake,Lenawee
Morenci,Lenawee
Onsted,Lenawee
Tecumseh,Lenawee
Brighton,Livingston
Fowlerville,Livingston
Howell,Livingston
Pinckney,Livingston
Newberry,Luce
Hessel,Mackinac
Mackinac Island,Mackinac
St. Ignace,Mackinac
Armada,Macomb
Center Line,Macomb
Eastpointe,Macomb
Fraser,Macomb
Mount Clemens,Macomb
New Baltimore,Macomb
New Haven,Macomb
Ray,Macomb
Richmond,Macomb
Romeo,Macomb
Roseville,Macomb
St. Clair Shores,Macomb
Sterling Heights,Macomb
Sterling Heights,Macomb
Utica,Macomb
Warren,Macomb
Copemish,Manistee
Kaleva,Manistee
Manistee,Manistee
Onekama,Manistee
Big Bay,Marquette
Gwinn,Marquette
Harvey,Marquette
Ishpeming,Marquette
Marquette,Marquette
Michigamme,Marquette
Negaunee,Marquette
Palmer,Marquette
Republic,Marquette
Trowbridge Park,Marquette
West Ishpeming,Marquette
Custer,Mason
Free Soil,Mason
Ludington,Mason
Scottville,Mason
Barryton,Mecosta
Big Rapids,Mecosta
Canadian Lakes,Mecosta
Mecosta,Mecosta
Morley,Mecosta
Stanwood,Mecosta
Carney,Menominee
Daggett,Menominee
Menominee,Menominee
Powers,Menominee
Stephenson,Menominee
Coleman,Midland
Midland,Midland
Lake City,Missaukee
McBain,Missaukee
Detroit Beach,Monroe
Dundee,Monroe
Estral Beach,Monroe
Flat Rock,Monroe
Lambertville,Monroe
Luna Pier,Monroe
Maybee,Monroe
Milan,Monroe
Monroe,Monroe
Petersburg,Monroe
South Monroe,Monroe
South Rockwood,Monroe
Stony Point,Monroe
Temperance,Monroe
West Monroe,Monroe
Woodland Beach,Monroe
Woodland Beach,Monroe
Carson City,Montcalm
Edmore,Montcalm
Greenville,Montcalm
Howard City,Montcalm
Lakeview,Montcalm
McBride,Montcalm
Pierson,Montcalm
Sheridan,Montcalm
Stanton,Montcalm
Atlanta,Montmorency
Canada Creek Ranch,Montmorency
Hillman,Montmorency
Lewiston,Montmorency
Fruitport,Muskegon
Lakewood Club,Muskegon
Montague,Muskegon
Muskegon,Muskegon
Muskegon Heights,Muskegon
North Muskegon,Muskegon
Norton Shores,Muskegon
Ravenna,Muskegon
Roosevelt Park,Muskegon
Twin Lake,Muskegon
Whitehall,Muskegon
Wolf Lake,Muskegon
Fremont,Newaygo
Grant,Newaygo
Hesperia,Newaygo
Merrill,Newaygo
Newaygo,Newaygo
White Cloud,Newaygo
"Botton, North Yorkshire",North Yorkshire
Auburn Hills,Oakland
Berkley,Oakland
Beverly Hills,Oakland
Bingham Farms,Oakland
Birmingham,Oakland
Bloomfield Hills,Oakland
"Bloomfield Township, Oakland ",Oakland
Clarkston,Oakland
Clawson,Oakland
Farmington,Oakland
Farmington Hills,Oakland
Ferndale,Oakland
Hazel Park,Oakland
Holly,Oakland
Huntington Woods,Oakland
Keego Harbor,Oakland
Lake Angelus,Oakland
Lake Orion,Oakland
Lathrup Village,Oakland
Leonard,Oakland
Madison Heights,Oakland
Milford,Oakland
Novi,Oakland
Oak Park,Oakland
Orchard Lake Village,Oakland
Ortonville,Oakland
Oxford,Oakland
Pleasant Ridge,Oakland
Pontiac,Oakland
Rochester,Oakland
Rochester Hills,Oakland
Royal Oak,Oakland
South Lyon,Oakland
Southfield,Oakland
Sylvan Lake,Oakland
Troy,Oakland
Walled Lake,Oakland
Waterford,Oakland
West Bloomfield Township,Oakland
White Lake,Oakland
Wixom,Oakland
Wolverine Lake,Oakland
Wolverine Lake,Oakland
Hart,Oceana
New Era,Oceana
Pentwater,Oceana
Rothbury,Oceana
Shelby,Oceana
Shelby,Oceana
Walkerville,Oceana
Prescott,Ogemaw
Rose City,Ogemaw
Skidway Lake,Ogemaw
West Branch,Ogemaw
Ontonagon,Ontonagon
Evart,Osceola
LeRoy,Osceola
Marion,Osceola
Reed City,Osceola
Tustin,Osceola
Mio,Oscoda
Gaylord,Otsego
Vanderbilt,Otsego
Allendale,Ottawa
Beechwood,Ottawa
Coopersville,Ottawa
Ferrysburg,Ottawa
Grand Haven,Ottawa
Holland,Ottawa
Hudsonville,Ottawa
Jenison,Ottawa
Nunica,Ottawa
Spring Lake,Ottawa
Zeeland,Ottawa
Millersburg,Presque Isle
Onaway,Presque Isle
Posen,Presque Isle
Rogers City,Presque Isle
Houghton Lake,Roscommon
Houghton Lake Heights,Roscommon
Prudenville,Roscommon
Roscommon,Roscommon
St. Helen,Roscommon
Birch Run,Saginaw
Bridgeport,Saginaw
Buena Vista,Saginaw
Burt,Saginaw
Carrollton Township,Saginaw
Chesaning,Saginaw
Frankenmuth,Saginaw
Freeland,Saginaw
Hemlock,Saginaw
Oakley,Saginaw
Robin Glen-Indiantown,Saginaw
Saginaw,Saginaw
Saginaw,Saginaw
Shields,Saginaw
St. Charles,Saginaw
Zilwaukee,Saginaw
Applegate,Sanilac
Carsonville,Sanilac
Croswell,Sanilac
Deckerville,Sanilac
Forestville,Sanilac
Lexington,Sanilac
Marlette,Sanilac
Minden City,Sanilac
Peck,Sanilac
Port Sanilac,Sanilac
Sanilac,Sanilac
Sandusky,Sanilac
Manistique,Schoolcraft
Bancroft,Shiawassee
Corunna,Shiawassee
Durand,Shiawassee
Laingsburg,Shiawassee
Lennon,Shiawassee
Middletown,Shiawassee
Morrice,Shiawassee
New Lothrop,Shiawassee
Owosso,Shiawassee
Perry,Shiawassee
Vernon,Shiawassee
Algonac,St. Clair
Capac,St. Clair
Emmett,St. Clair
Marine City,St. Clair
Marysville,St. Clair
Memphis,St. Clair
Pearl Beach,St. Clair
Port Huron,St. Clair
St. Clair,St. Clair
Yale,St. Clair
Burr Oak,St. Joseph
Centreville,St. Joseph
Constantine,St. Joseph
Mendon,St. Joseph
Sturgis,St. Joseph
Three Rivers,St. Joseph
White Pigeon,St. Joseph
Akron,Tuscola
Caro,Tuscola
Cass City,Tuscola
Fairgrove,Tuscola
Gagetown,Tuscola
Kingston,Tuscola
Mayville,Tuscola
Millington,Tuscola
Reese,Tuscola
Unionville,Tuscola
Vassar,Tuscola
Bangor,Van Buren
Bloomingdale,Van Buren
Breedsville,Van Buren
Decatur,Van Buren
Gobles,Van Buren
Hartford,Van Buren
Lawrence,Van Buren
Lawton,Van Buren
Mattawan,Van Buren
South Haven,Van Buren
Ann Arbor,Washtenaw
Barton Hills,Washtenaw
Chelsea,Washtenaw
Dexter,Washtenaw
Saline,Washtenaw
Whitmore Lake,Washtenaw
Ypsilanti,Washtenaw
Allen Park,Wayne
Belleville,Wayne
Canton,Wayne
Dearborn,Wayne
Dearborn Heights,Wayne
Detroit,Wayne
Ecorse,Wayne
Garden City,Wayne
Gibraltar,Wayne
Grosse Ile Township,Wayne
Grosse Pointe,Wayne
Grosse Pointe Farms,Wayne
Grosse Pointe Park,Wayne
Grosse Pointe Shores,Wayne
Grosse Pointe Woods,Wayne
Hamtramck,Wayne
Harper Woods,Wayne
Highland Park,Wayne
Inkster,Wayne
Lincoln Park,Wayne
Livonia,Wayne
Melvindale,Wayne
New Boston,Wayne
Northville,Wayne
Plymouth,Wayne
Plymouth Charter Township,Wayne
Redford,Wayne
River Rouge,Wayne
Riverview,Wayne
Rockwood,Wayne
Romulus,Wayne
Southgate,Wayne
Taylor,Wayne
Trenton,Wayne
Wayne,Wayne
Westland,Wayne
Woodhaven,Wayne
Wyandotte,Wayne
Buckley,Wexford
Cadillac,Wexford
Harrietta,Wexford
Manton,Wexford
Mesick,Wexford
Kampung Morten,#FIELD!
